<?xml version="1.0" encoding="UTF-8"?>
<project-private xmlns="http://www.netbeans.org/ns/project-private/1">
    <editor-bookmarks xmlns="http://www.netbeans.org/ns/editor-bookmarks/2" lastBookmarkId="0"/>
    <open-files xmlns="http://www.netbeans.org/ns/projectui-open-files/2">
        <group>
            <file>file:/C:/Users/Yuraima/Desktop/ProyectoLaberinto1.1/src/EstructurasDeDatos/Lista.java</file>
            <file>file:/C:/Users/Yuraima/Desktop/ProyectoLaberinto1.1/src/EstructurasDeDatos/ArbolExpansionMinimo.java</file>
            <file>file:/C:/Users/Yuraima/Desktop/ProyectoLaberinto1.1/src/EstructurasDeDatos/Grafo.java</file>
            <file>file:/C:/Users/Yuraima/Desktop/ProyectoLaberinto1.1/src/EstructurasDeDatos/Vertice.java</file>
        </group>
    </open-files>
</project-private>
